Type,Name,Request Count,Failure Count,Median Response Time,Average Response Time,Min Response Time,Max Response Time,Average Content Size,Requests/s,Failures/s,50%,66%,75%,80%,90%,95%,98%,99%,99.9%,99.99%,100%
GET,GET /health,8,0,4000.0,5369.699424998544,8.887199976015836,12783.10650002095,180.0,0.364009514591957,0.0,4100,7300,7300,7300,13000,13000,13000,13000,13000,13000,13000
POST,POST /generate,5,0,6300.0,7119.170100003248,4022.8241000149865,12901.553400006378,367.0,0.22750594661997314,0.0,6300,8200,8200,13000,13000,13000,13000,13000,13000,13000,13000
,Aggregated,13,0,4200.0,6042.572761538815,8.887199976015836,12901.553400006378,251.92307692307693,0.5915154612119302,0.0,4200,7300,7300,8200,13000,13000,13000,13000,13000,13000,13000
